Time,Active Clients
"May 1, 2026 12:00:00 AM",0
"May 1, 2026 1:00:00 AM",0
"May 1, 2026 2:00:00 AM",0
"May 1, 2026 3:00:00 AM",0
"May 1, 2026 4:00:00 AM",0
"May 1, 2026 5:00:00 AM",0
"May 1, 2026 6:00:00 AM",0
"May 1, 2026 7:00:00 AM",0
"May 1, 2026 8:00:00 AM",0
"May 1, 2026 9:00:00 AM",0
"May 1, 2026 10:00:00 AM",0
"May 1, 2026 11:00:00 AM",0
"May 1, 2026 12:00:00 PM",0
"May 1, 2026 1:00:00 PM",0
"May 1, 2026 2:00:00 PM",0
"May 1, 2026 3:00:00 PM",2
"May 1, 2026 4:00:00 PM",0
"May 1, 2026 5:00:00 PM",0
"May 1, 2026 6:00:00 PM",0
"May 1, 2026 7:00:00 PM",0
"May 1, 2026 8:00:00 PM",0
"May 1, 2026 9:00:00 PM",0
"May 1, 2026 10:00:00 PM",0
"May 1, 2026 11:00:00 PM",0
"May 2, 2026 12:00:00 AM",0
"May 2, 2026 1:00:00 AM",0
"May 2, 2026 2:00:00 AM",0
"May 2, 2026 3:00:00 AM",0
"May 2, 2026 4:00:00 AM",0
"May 2, 2026 5:00:00 AM",0
"May 2, 2026 6:00:00 AM",0
"May 2, 2026 7:00:00 AM",0
"May 2, 2026 8:00:00 AM",0
"May 2, 2026 9:00:00 AM",0
"May 2, 2026 10:00:00 AM",0
"May 2, 2026 11:00:00 AM",0
"May 2, 2026 12:00:00 PM",0
"May 2, 2026 1:00:00 PM",0
"May 2, 2026 2:00:00 PM",0
"May 2, 2026 3:00:00 PM",0
"May 2, 2026 4:00:00 PM",0
"May 2, 2026 5:00:00 PM",0
"May 2, 2026 6:00:00 PM",0
"May 2, 2026 7:00:00 PM",0
"May 2, 2026 8:00:00 PM",0
"May 2, 2026 9:00:00 PM",0
"May 2, 2026 10:00:00 PM",0
"May 2, 2026 11:00:00 PM",0
"May 3, 2026 12:00:00 AM",0
"May 3, 2026 1:00:00 AM",0
"May 3, 2026 2:00:00 AM",0
"May 3, 2026 3:00:00 AM",0
"May 3, 2026 4:00:00 AM",0
"May 3, 2026 5:00:00 AM",0
"May 3, 2026 6:00:00 AM",0
"May 3, 2026 7:00:00 AM",0
"May 3, 2026 8:00:00 AM",0
"May 3, 2026 9:00:00 AM",0
"May 3, 2026 10:00:00 AM",0
"May 3, 2026 11:00:00 AM",0
"May 3, 2026 12:00:00 PM",0
"May 3, 2026 1:00:00 PM",0
"May 3, 2026 2:00:00 PM",0
"May 3, 2026 3:00:00 PM",0
"May 3, 2026 4:00:00 PM",0
"May 3, 2026 5:00:00 PM",0
"May 3, 2026 6:00:00 PM",0
"May 3, 2026 7:00:00 PM",0
"May 3, 2026 8:00:00 PM",0
"May 3, 2026 9:00:00 PM",0
"May 3, 2026 10:00:00 PM",0
"May 3, 2026 11:00:00 PM",0
"May 4, 2026 12:00:00 AM",0
"May 4, 2026 1:00:00 AM",0
"May 4, 2026 2:00:00 AM",0
"May 4, 2026 3:00:00 AM",0
"May 4, 2026 4:00:00 AM",0
"May 4, 2026 5:00:00 AM",0
"May 4, 2026 6:00:00 AM",0
"May 4, 2026 7:00:00 AM",0
"May 4, 2026 8:00:00 AM",1
"May 4, 2026 9:00:00 AM",1
"May 4, 2026 10:00:00 AM",0
"May 4, 2026 11:00:00 AM",0
"May 4, 2026 12:00:00 PM",0
"May 4, 2026 1:00:00 PM",0
"May 4, 2026 2:00:00 PM",0
"May 4, 2026 3:00:00 PM",0
"May 4, 2026 4:00:00 PM",0
"May 4, 2026 5:00:00 PM",0
"May 4, 2026 6:00:00 PM",0
"May 4, 2026 7:00:00 PM",0
"May 4, 2026 8:00:00 PM",0
"May 4, 2026 9:00:00 PM",0
"May 4, 2026 10:00:00 PM",0
"May 4, 2026 11:00:00 PM",0
"May 5, 2026 12:00:00 AM",0
"May 5, 2026 1:00:00 AM",0
"May 5, 2026 2:00:00 AM",0
"May 5, 2026 3:00:00 AM",0
"May 5, 2026 4:00:00 AM",0
"May 5, 2026 5:00:00 AM",0
"May 5, 2026 6:00:00 AM",1
"May 5, 2026 7:00:00 AM",1
"May 5, 2026 8:00:00 AM",1
"May 5, 2026 9:00:00 AM",1
"May 5, 2026 10:00:00 AM",1
"May 5, 2026 11:00:00 AM",1
"May 5, 2026 12:00:00 PM",1
"May 5, 2026 1:00:00 PM",2
"May 5, 2026 2:00:00 PM",4
"May 5, 2026 3:00:00 PM",1
"May 5, 2026 4:00:00 PM",0
"May 5, 2026 5:00:00 PM",0
"May 5, 2026 6:00:00 PM",0
"May 5, 2026 7:00:00 PM",0
"May 5, 2026 8:00:00 PM",0
"May 5, 2026 9:00:00 PM",0
"May 5, 2026 10:00:00 PM",0
"May 5, 2026 11:00:00 PM",0
"May 6, 2026 12:00:00 AM",0
"May 6, 2026 1:00:00 AM",0
"May 6, 2026 2:00:00 AM",0
"May 6, 2026 3:00:00 AM",0
"May 6, 2026 4:00:00 AM",0
"May 6, 2026 5:00:00 AM",0
"May 6, 2026 6:00:00 AM",0
"May 6, 2026 7:00:00 AM",0
"May 6, 2026 8:00:00 AM",0
"May 6, 2026 9:00:00 AM",0
"May 6, 2026 10:00:00 AM",0
"May 6, 2026 11:00:00 AM",0
"May 6, 2026 12:00:00 PM",1
"May 6, 2026 1:00:00 PM",1
"May 6, 2026 2:00:00 PM",1
"May 6, 2026 3:00:00 PM",0
"May 6, 2026 4:00:00 PM",0
"May 6, 2026 5:00:00 PM",0
"May 6, 2026 6:00:00 PM",0
"May 6, 2026 7:00:00 PM",0
"May 6, 2026 8:00:00 PM",0
"May 6, 2026 9:00:00 PM",0
"May 6, 2026 10:00:00 PM",0
"May 6, 2026 11:00:00 PM",0
"May 7, 2026 12:00:00 AM",0
"May 7, 2026 1:00:00 AM",0
"May 7, 2026 2:00:00 AM",0
"May 7, 2026 3:00:00 AM",0
"May 7, 2026 4:00:00 AM",0
"May 7, 2026 5:00:00 AM",0
"May 7, 2026 6:00:00 AM",0
"May 7, 2026 7:00:00 AM",0
"May 7, 2026 8:00:00 AM",0
"May 7, 2026 9:00:00 AM",0
"May 7, 2026 10:00:00 AM",0
"May 7, 2026 11:00:00 AM",2
"May 7, 2026 12:00:00 PM",1
"May 7, 2026 1:00:00 PM",1
"May 7, 2026 2:00:00 PM",1
"May 7, 2026 3:00:00 PM",0
"May 7, 2026 4:00:00 PM",0
"May 7, 2026 5:00:00 PM",0
"May 7, 2026 6:00:00 PM",0
"May 7, 2026 7:00:00 PM",0
"May 7, 2026 8:00:00 PM",0
"May 7, 2026 9:00:00 PM",0
"May 7, 2026 10:00:00 PM",0
"May 7, 2026 11:00:00 PM",0
"May 8, 2026 12:00:00 AM",0
"May 8, 2026 1:00:00 AM",0
"May 8, 2026 2:00:00 AM",0
"May 8, 2026 3:00:00 AM",0
"May 8, 2026 4:00:00 AM",0
"May 8, 2026 5:00:00 AM",0
"May 8, 2026 6:00:00 AM",0
"May 8, 2026 7:00:00 AM",0
"May 8, 2026 8:00:00 AM",0
"May 8, 2026 9:00:00 AM",0
"May 8, 2026 10:00:00 AM",0
"May 8, 2026 11:00:00 AM",0
"May 8, 2026 12:00:00 PM",0
"May 8, 2026 1:00:00 PM",0
"May 8, 2026 2:00:00 PM",0
"May 8, 2026 3:00:00 PM",0
"May 8, 2026 4:00:00 PM",0
"May 8, 2026 5:00:00 PM",0
"May 8, 2026 6:00:00 PM",0
"May 8, 2026 7:00:00 PM",0
"May 8, 2026 8:00:00 PM",0
"May 8, 2026 9:00:00 PM",0
"May 8, 2026 10:00:00 PM",0
"May 8, 2026 11:00:00 PM",0
"May 9, 2026 12:00:00 AM",0
"May 9, 2026 1:00:00 AM",0
"May 9, 2026 2:00:00 AM",0
"May 9, 2026 3:00:00 AM",0
"May 9, 2026 4:00:00 AM",0
"May 9, 2026 5:00:00 AM",0
"May 9, 2026 6:00:00 AM",0
"May 9, 2026 7:00:00 AM",0
"May 9, 2026 8:00:00 AM",0
"May 9, 2026 9:00:00 AM",0
"May 9, 2026 10:00:00 AM",0
"May 9, 2026 11:00:00 AM",0
"May 9, 2026 12:00:00 PM",0
"May 9, 2026 1:00:00 PM",0
"May 9, 2026 2:00:00 PM",0
"May 9, 2026 3:00:00 PM",0
"May 9, 2026 4:00:00 PM",0
"May 9, 2026 5:00:00 PM",0
"May 9, 2026 6:00:00 PM",0
"May 9, 2026 7:00:00 PM",0
"May 9, 2026 8:00:00 PM",0
"May 9, 2026 9:00:00 PM",0
"May 9, 2026 10:00:00 PM",0
"May 9, 2026 11:00:00 PM",0
"May 10, 2026 12:00:00 AM",0
"May 10, 2026 1:00:00 AM",0
"May 10, 2026 2:00:00 AM",0
"May 10, 2026 3:00:00 AM",0
"May 10, 2026 4:00:00 AM",0
"May 10, 2026 5:00:00 AM",0
"May 10, 2026 6:00:00 AM",0
"May 10, 2026 7:00:00 AM",0
"May 10, 2026 8:00:00 AM",0
"May 10, 2026 9:00:00 AM",0
"May 10, 2026 10:00:00 AM",0
"May 10, 2026 11:00:00 AM",0
"May 10, 2026 12:00:00 PM",0
"May 10, 2026 1:00:00 PM",0
"May 10, 2026 2:00:00 PM",0
"May 10, 2026 3:00:00 PM",0
"May 10, 2026 4:00:00 PM",0
"May 10, 2026 5:00:00 PM",0
"May 10, 2026 6:00:00 PM",0
"May 10, 2026 7:00:00 PM",0
"May 10, 2026 8:00:00 PM",0
"May 10, 2026 9:00:00 PM",0
"May 10, 2026 10:00:00 PM",0
"May 10, 2026 11:00:00 PM",0
"May 11, 2026 12:00:00 AM",0
"May 11, 2026 1:00:00 AM",0
"May 11, 2026 2:00:00 AM",0
"May 11, 2026 3:00:00 AM",0
"May 11, 2026 4:00:00 AM",0
"May 11, 2026 5:00:00 AM",0
"May 11, 2026 6:00:00 AM",0
"May 11, 2026 7:00:00 AM",1
"May 11, 2026 8:00:00 AM",2
"May 11, 2026 9:00:00 AM",4
"May 11, 2026 10:00:00 AM",3
"May 11, 2026 11:00:00 AM",3
"May 11, 2026 12:00:00 PM",3
"May 11, 2026 1:00:00 PM",4
"May 11, 2026 2:00:00 PM",1
"May 11, 2026 3:00:00 PM",1
"May 11, 2026 4:00:00 PM",0
"May 11, 2026 5:00:00 PM",0
"May 11, 2026 6:00:00 PM",0
"May 11, 2026 7:00:00 PM",0
"May 11, 2026 8:00:00 PM",0
"May 11, 2026 9:00:00 PM",0
"May 11, 2026 10:00:00 PM",0
"May 11, 2026 11:00:00 PM",0
"May 12, 2026 12:00:00 AM",0
"May 12, 2026 1:00:00 AM",0
"May 12, 2026 2:00:00 AM",0
"May 12, 2026 3:00:00 AM",0
"May 12, 2026 4:00:00 AM",0
"May 12, 2026 5:00:00 AM",0
"May 12, 2026 6:00:00 AM",0
"May 12, 2026 7:00:00 AM",1
"May 12, 2026 8:00:00 AM",1
"May 12, 2026 9:00:00 AM",0
"May 12, 2026 10:00:00 AM",0
"May 12, 2026 11:00:00 AM",1
"May 12, 2026 12:00:00 PM",0
"May 12, 2026 1:00:00 PM",0
"May 12, 2026 2:00:00 PM",0
"May 12, 2026 3:00:00 PM",0
"May 12, 2026 4:00:00 PM",0
"May 12, 2026 5:00:00 PM",0
"May 12, 2026 6:00:00 PM",0
"May 12, 2026 7:00:00 PM",0
"May 12, 2026 8:00:00 PM",0
"May 12, 2026 9:00:00 PM",0
"May 12, 2026 10:00:00 PM",0
"May 12, 2026 11:00:00 PM",0
"May 13, 2026 12:00:00 AM",0
"May 13, 2026 1:00:00 AM",0
"May 13, 2026 2:00:00 AM",0
"May 13, 2026 3:00:00 AM",0
"May 13, 2026 4:00:00 AM",0
"May 13, 2026 5:00:00 AM",0
"May 13, 2026 6:00:00 AM",0
"May 13, 2026 7:00:00 AM",3
"May 13, 2026 8:00:00 AM",2
"May 13, 2026 9:00:00 AM",0
"May 13, 2026 10:00:00 AM",1
"May 13, 2026 11:00:00 AM",1
"May 13, 2026 12:00:00 PM",1
"May 13, 2026 1:00:00 PM",0
"May 13, 2026 2:00:00 PM",0
"May 13, 2026 3:00:00 PM",0
"May 13, 2026 4:00:00 PM",0
"May 13, 2026 5:00:00 PM",0
"May 13, 2026 6:00:00 PM",0
"May 13, 2026 7:00:00 PM",0
"May 13, 2026 8:00:00 PM",0
"May 13, 2026 9:00:00 PM",0
"May 13, 2026 10:00:00 PM",0
"May 13, 2026 11:00:00 PM",0
"May 14, 2026 12:00:00 AM",0
"May 14, 2026 1:00:00 AM",0
"May 14, 2026 2:00:00 AM",0
"May 14, 2026 3:00:00 AM",0
"May 14, 2026 4:00:00 AM",0
"May 14, 2026 5:00:00 AM",0
"May 14, 2026 6:00:00 AM",0
"May 14, 2026 7:00:00 AM",2
"May 14, 2026 8:00:00 AM",1
"May 14, 2026 9:00:00 AM",1
"May 14, 2026 10:00:00 AM",1
"May 14, 2026 11:00:00 AM",1
"May 14, 2026 12:00:00 PM",3
"May 14, 2026 1:00:00 PM",0
"May 14, 2026 2:00:00 PM",2
"May 14, 2026 3:00:00 PM",0
"May 14, 2026 4:00:00 PM",1
"May 14, 2026 5:00:00 PM",0
"May 14, 2026 6:00:00 PM",0
"May 14, 2026 7:00:00 PM",0
"May 14, 2026 8:00:00 PM",0
"May 14, 2026 9:00:00 PM",0
"May 14, 2026 10:00:00 PM",0
"May 14, 2026 11:00:00 PM",0
"May 15, 2026 12:00:00 AM",0
"May 15, 2026 1:00:00 AM",0
"May 15, 2026 2:00:00 AM",0
"May 15, 2026 3:00:00 AM",0
"May 15, 2026 4:00:00 AM",0
"May 15, 2026 5:00:00 AM",0
"May 15, 2026 6:00:00 AM",0
"May 15, 2026 7:00:00 AM",2
"May 15, 2026 8:00:00 AM",4
"May 15, 2026 9:00:00 AM",0
"May 15, 2026 10:00:00 AM",1
"May 15, 2026 11:00:00 AM",1
"May 15, 2026 12:00:00 PM",4
"May 15, 2026 1:00:00 PM",2
"May 15, 2026 2:00:00 PM",0
"May 15, 2026 3:00:00 PM",1
"May 15, 2026 4:00:00 PM",0
"May 15, 2026 5:00:00 PM",0
"May 15, 2026 6:00:00 PM",0
"May 15, 2026 7:00:00 PM",0
"May 15, 2026 8:00:00 PM",0
"May 15, 2026 9:00:00 PM",0
"May 15, 2026 10:00:00 PM",0
"May 15, 2026 11:00:00 PM",0
"May 16, 2026 12:00:00 AM",0
"May 16, 2026 1:00:00 AM",0
"May 16, 2026 2:00:00 AM",0
"May 16, 2026 3:00:00 AM",0
"May 16, 2026 4:00:00 AM",0
"May 16, 2026 5:00:00 AM",0
"May 16, 2026 6:00:00 AM",0
"May 16, 2026 7:00:00 AM",0
"May 16, 2026 8:00:00 AM",0
"May 16, 2026 9:00:00 AM",0
"May 16, 2026 10:00:00 AM",0
"May 16, 2026 11:00:00 AM",0
"May 16, 2026 12:00:00 PM",0
"May 16, 2026 1:00:00 PM",0
"May 16, 2026 2:00:00 PM",0
"May 16, 2026 3:00:00 PM",0
"May 16, 2026 4:00:00 PM",0
"May 16, 2026 5:00:00 PM",0
"May 16, 2026 6:00:00 PM",0
"May 16, 2026 7:00:00 PM",0
"May 16, 2026 8:00:00 PM",0
"May 16, 2026 9:00:00 PM",0
"May 16, 2026 10:00:00 PM",0
"May 16, 2026 11:00:00 PM",0
"May 17, 2026 12:00:00 AM",0
"May 17, 2026 1:00:00 AM",0
"May 17, 2026 2:00:00 AM",0
"May 17, 2026 3:00:00 AM",0
"May 17, 2026 4:00:00 AM",0
"May 17, 2026 5:00:00 AM",0
"May 17, 2026 6:00:00 AM",0
"May 17, 2026 7:00:00 AM",0
"May 17, 2026 8:00:00 AM",0
"May 17, 2026 9:00:00 AM",0
"May 17, 2026 10:00:00 AM",0
"May 17, 2026 11:00:00 AM",0
"May 17, 2026 12:00:00 PM",0
"May 17, 2026 1:00:00 PM",0
"May 17, 2026 2:00:00 PM",0
"May 17, 2026 3:00:00 PM",0
"May 17, 2026 4:00:00 PM",0
"May 17, 2026 5:00:00 PM",0
"May 17, 2026 6:00:00 PM",0
"May 17, 2026 7:00:00 PM",0
"May 17, 2026 8:00:00 PM",0
"May 17, 2026 9:00:00 PM",0
"May 17, 2026 10:00:00 PM",0
"May 17, 2026 11:00:00 PM",0
"May 18, 2026 12:00:00 AM",0
"May 18, 2026 1:00:00 AM",0
"May 18, 2026 2:00:00 AM",0
"May 18, 2026 3:00:00 AM",0
"May 18, 2026 4:00:00 AM",0
"May 18, 2026 5:00:00 AM",0
"May 18, 2026 6:00:00 AM",0
"May 18, 2026 7:00:00 AM",2
"May 18, 2026 8:00:00 AM",2
"May 18, 2026 9:00:00 AM",1
"May 18, 2026 10:00:00 AM",0
"May 18, 2026 11:00:00 AM",1
"May 18, 2026 12:00:00 PM",1
"May 18, 2026 1:00:00 PM",0
"May 18, 2026 2:00:00 PM",0
"May 18, 2026 3:00:00 PM",0
"May 18, 2026 4:00:00 PM",0
"May 18, 2026 5:00:00 PM",0
"May 18, 2026 6:00:00 PM",0
"May 18, 2026 7:00:00 PM",0
"May 18, 2026 8:00:00 PM",0
"May 18, 2026 9:00:00 PM",0
"May 18, 2026 10:00:00 PM",0
"May 18, 2026 11:00:00 PM",0
"May 19, 2026 12:00:00 AM",0
"May 19, 2026 1:00:00 AM",0
"May 19, 2026 2:00:00 AM",0
"May 19, 2026 3:00:00 AM",0
"May 19, 2026 4:00:00 AM",0
"May 19, 2026 5:00:00 AM",0
"May 19, 2026 6:00:00 AM",0
"May 19, 2026 7:00:00 AM",0
"May 19, 2026 8:00:00 AM",0
"May 19, 2026 9:00:00 AM",0
"May 19, 2026 10:00:00 AM",0
"May 19, 2026 11:00:00 AM",2
"May 19, 2026 12:00:00 PM",1
"May 19, 2026 1:00:00 PM",2
"May 19, 2026 2:00:00 PM",0
"May 19, 2026 3:00:00 PM",0
"May 19, 2026 4:00:00 PM",0
"May 19, 2026 5:00:00 PM",0
"May 19, 2026 6:00:00 PM",0
"May 19, 2026 7:00:00 PM",0
"May 19, 2026 8:00:00 PM",0
"May 19, 2026 9:00:00 PM",0
"May 19, 2026 10:00:00 PM",0
"May 19, 2026 11:00:00 PM",0
"May 20, 2026 12:00:00 AM",0
"May 20, 2026 1:00:00 AM",0
"May 20, 2026 2:00:00 AM",0
"May 20, 2026 3:00:00 AM",0
"May 20, 2026 4:00:00 AM",0
"May 20, 2026 5:00:00 AM",0
"May 20, 2026 6:00:00 AM",0
"May 20, 2026 7:00:00 AM",2
"May 20, 2026 8:00:00 AM",2
"May 20, 2026 9:00:00 AM",1
"May 20, 2026 10:00:00 AM",0
"May 20, 2026 11:00:00 AM",2
"May 20, 2026 12:00:00 PM",0
"May 20, 2026 1:00:00 PM",0
"May 20, 2026 2:00:00 PM",0
"May 20, 2026 3:00:00 PM",0
"May 20, 2026 4:00:00 PM",0
"May 20, 2026 5:00:00 PM",0
"May 20, 2026 6:00:00 PM",0
"May 20, 2026 7:00:00 PM",0
"May 20, 2026 8:00:00 PM",0
"May 20, 2026 9:00:00 PM",0
"May 20, 2026 10:00:00 PM",0
"May 20, 2026 11:00:00 PM",0
"May 21, 2026 12:00:00 AM",0
"May 21, 2026 1:00:00 AM",0
"May 21, 2026 2:00:00 AM",0
"May 21, 2026 3:00:00 AM",0
"May 21, 2026 4:00:00 AM",0
"May 21, 2026 5:00:00 AM",0
"May 21, 2026 6:00:00 AM",0
"May 21, 2026 7:00:00 AM",2
"May 21, 2026 8:00:00 AM",1
"May 21, 2026 9:00:00 AM",0
"May 21, 2026 10:00:00 AM",0
"May 21, 2026 11:00:00 AM",0
"May 21, 2026 12:00:00 PM",0
"May 21, 2026 1:00:00 PM",1
"May 21, 2026 2:00:00 PM",1
"May 21, 2026 3:00:00 PM",0
"May 21, 2026 4:00:00 PM",0
"May 21, 2026 5:00:00 PM",0
"May 21, 2026 6:00:00 PM",0
"May 21, 2026 7:00:00 PM",0
"May 21, 2026 8:00:00 PM",0
"May 21, 2026 9:00:00 PM",0
"May 21, 2026 10:00:00 PM",0
"May 21, 2026 11:00:00 PM",0
"May 22, 2026 12:00:00 AM",0
"May 22, 2026 1:00:00 AM",0
"May 22, 2026 2:00:00 AM",0
"May 22, 2026 3:00:00 AM",0
"May 22, 2026 4:00:00 AM",0
"May 22, 2026 5:00:00 AM",0
"May 22, 2026 6:00:00 AM",0
"May 22, 2026 7:00:00 AM",0
"May 22, 2026 8:00:00 AM",0
"May 22, 2026 9:00:00 AM",0
"May 22, 2026 10:00:00 AM",1
"May 22, 2026 11:00:00 AM",0
"May 22, 2026 12:00:00 PM",0
"May 22, 2026 1:00:00 PM",0
"May 22, 2026 2:00:00 PM",0
"May 22, 2026 3:00:00 PM",0
"May 22, 2026 4:00:00 PM",0
"May 22, 2026 5:00:00 PM",0
"May 22, 2026 6:00:00 PM",0
"May 22, 2026 7:00:00 PM",0
"May 22, 2026 8:00:00 PM",0
"May 22, 2026 9:00:00 PM",0
"May 22, 2026 10:00:00 PM",0
"May 22, 2026 11:00:00 PM",0
"May 23, 2026 12:00:00 AM",0
"May 23, 2026 1:00:00 AM",0
"May 23, 2026 2:00:00 AM",0
"May 23, 2026 3:00:00 AM",0
"May 23, 2026 4:00:00 AM",0
"May 23, 2026 5:00:00 AM",0
"May 23, 2026 6:00:00 AM",0
"May 23, 2026 7:00:00 AM",0
"May 23, 2026 8:00:00 AM",0
"May 23, 2026 9:00:00 AM",0
"May 23, 2026 10:00:00 AM",0
"May 23, 2026 11:00:00 AM",0
"May 23, 2026 12:00:00 PM",0
"May 23, 2026 1:00:00 PM",0
"May 23, 2026 2:00:00 PM",0
"May 23, 2026 3:00:00 PM",0
"May 23, 2026 4:00:00 PM",0
"May 23, 2026 5:00:00 PM",0
"May 23, 2026 6:00:00 PM",0
"May 23, 2026 7:00:00 PM",0
"May 23, 2026 8:00:00 PM",0
"May 23, 2026 9:00:00 PM",0
"May 23, 2026 10:00:00 PM",0
"May 23, 2026 11:00:00 PM",0
"May 24, 2026 12:00:00 AM",0
"May 24, 2026 1:00:00 AM",0
"May 24, 2026 2:00:00 AM",0
"May 24, 2026 3:00:00 AM",0
"May 24, 2026 4:00:00 AM",0
"May 24, 2026 5:00:00 AM",0
"May 24, 2026 6:00:00 AM",0
"May 24, 2026 7:00:00 AM",0
"May 24, 2026 8:00:00 AM",0
"May 24, 2026 9:00:00 AM",0
"May 24, 2026 10:00:00 AM",0
"May 24, 2026 11:00:00 AM",0
"May 24, 2026 12:00:00 PM",0
"May 24, 2026 1:00:00 PM",0
"May 24, 2026 2:00:00 PM",0
"May 24, 2026 3:00:00 PM",0
"May 24, 2026 4:00:00 PM",0
"May 24, 2026 5:00:00 PM",0
"May 24, 2026 6:00:00 PM",0
"May 24, 2026 7:00:00 PM",0
"May 24, 2026 8:00:00 PM",0
"May 24, 2026 9:00:00 PM",0
"May 24, 2026 10:00:00 PM",0
"May 24, 2026 11:00:00 PM",0
"May 25, 2026 12:00:00 AM",0
"May 25, 2026 1:00:00 AM",0
"May 25, 2026 2:00:00 AM",0
"May 25, 2026 3:00:00 AM",0
"May 25, 2026 4:00:00 AM",0
"May 25, 2026 5:00:00 AM",0
"May 25, 2026 6:00:00 AM",0
"May 25, 2026 7:00:00 AM",2
"May 25, 2026 8:00:00 AM",2
"May 25, 2026 9:00:00 AM",0
"May 25, 2026 10:00:00 AM",0
"May 25, 2026 11:00:00 AM",0
"May 25, 2026 12:00:00 PM",0
"May 25, 2026 1:00:00 PM",0
"May 25, 2026 2:00:00 PM",0
"May 25, 2026 3:00:00 PM",0
"May 25, 2026 4:00:00 PM",0
"May 25, 2026 5:00:00 PM",0
"May 25, 2026 6:00:00 PM",0
"May 25, 2026 7:00:00 PM",0
"May 25, 2026 8:00:00 PM",0
"May 25, 2026 9:00:00 PM",0
"May 25, 2026 10:00:00 PM",0
"May 25, 2026 11:00:00 PM",0
"May 26, 2026 12:00:00 AM",0
"May 26, 2026 1:00:00 AM",0
"May 26, 2026 2:00:00 AM",0
"May 26, 2026 3:00:00 AM",0
"May 26, 2026 4:00:00 AM",0
"May 26, 2026 5:00:00 AM",0
"May 26, 2026 6:00:00 AM",0
"May 26, 2026 7:00:00 AM",1
"May 26, 2026 8:00:00 AM",1
"May 26, 2026 9:00:00 AM",0
"May 26, 2026 10:00:00 AM",0
"May 26, 2026 11:00:00 AM",0
"May 26, 2026 12:00:00 PM",0
"May 26, 2026 1:00:00 PM",1
"May 26, 2026 2:00:00 PM",0
"May 26, 2026 3:00:00 PM",0
"May 26, 2026 4:00:00 PM",0
"May 26, 2026 5:00:00 PM",0
"May 26, 2026 6:00:00 PM",0
"May 26, 2026 7:00:00 PM",0
"May 26, 2026 8:00:00 PM",0
"May 26, 2026 9:00:00 PM",0
"May 26, 2026 10:00:00 PM",0
"May 26, 2026 11:00:00 PM",0
"May 27, 2026 12:00:00 AM",0
"May 27, 2026 1:00:00 AM",0
"May 27, 2026 2:00:00 AM",0
"May 27, 2026 3:00:00 AM",0
"May 27, 2026 4:00:00 AM",0
"May 27, 2026 5:00:00 AM",0
"May 27, 2026 6:00:00 AM",0
"May 27, 2026 7:00:00 AM",0
"May 27, 2026 8:00:00 AM",0
"May 27, 2026 9:00:00 AM",0
"May 27, 2026 10:00:00 AM",1
"May 27, 2026 11:00:00 AM",0
"May 27, 2026 12:00:00 PM",0
"May 27, 2026 1:00:00 PM",1
"May 27, 2026 2:00:00 PM",3
"May 27, 2026 3:00:00 PM",0
"May 27, 2026 4:00:00 PM",0
"May 27, 2026 5:00:00 PM",0
"May 27, 2026 6:00:00 PM",0
"May 27, 2026 7:00:00 PM",0
"May 27, 2026 8:00:00 PM",0
"May 27, 2026 9:00:00 PM",0
"May 27, 2026 10:00:00 PM",0
"May 27, 2026 11:00:00 PM",0
"May 28, 2026 12:00:00 AM",0
"May 28, 2026 1:00:00 AM",0
"May 28, 2026 2:00:00 AM",0
"May 28, 2026 3:00:00 AM",0
"May 28, 2026 4:00:00 AM",0
"May 28, 2026 5:00:00 AM",0
"May 28, 2026 6:00:00 AM",0
"May 28, 2026 7:00:00 AM",0
"May 28, 2026 8:00:00 AM",0
"May 28, 2026 9:00:00 AM",0
"May 28, 2026 10:00:00 AM",0
"May 28, 2026 11:00:00 AM",0
"May 28, 2026 12:00:00 PM",0
"May 28, 2026 1:00:00 PM",0
"May 28, 2026 2:00:00 PM",0
"May 28, 2026 3:00:00 PM",0
"May 28, 2026 4:00:00 PM",0
"May 28, 2026 5:00:00 PM",0
"May 28, 2026 6:00:00 PM",0
"May 28, 2026 7:00:00 PM",0
"May 28, 2026 8:00:00 PM",0
"May 28, 2026 9:00:00 PM",0
"May 28, 2026 10:00:00 PM",0
"May 28, 2026 11:00:00 PM",0
"May 29, 2026 12:00:00 AM",0
"May 29, 2026 1:00:00 AM",0
"May 29, 2026 2:00:00 AM",0
"May 29, 2026 3:00:00 AM",0
"May 29, 2026 4:00:00 AM",0
"May 29, 2026 5:00:00 AM",0
"May 29, 2026 6:00:00 AM",0
"May 29, 2026 7:00:00 AM",0
"May 29, 2026 8:00:00 AM",0
"May 29, 2026 9:00:00 AM",0
"May 29, 2026 10:00:00 AM",0
"May 29, 2026 11:00:00 AM",0
"May 29, 2026 12:00:00 PM",0
"May 29, 2026 1:00:00 PM",0
"May 29, 2026 2:00:00 PM",0
"May 29, 2026 3:00:00 PM",0
"May 29, 2026 4:00:00 PM",0
"May 29, 2026 5:00:00 PM",0
"May 29, 2026 6:00:00 PM",0
"May 29, 2026 7:00:00 PM",0
"May 29, 2026 8:00:00 PM",0
"May 29, 2026 9:00:00 PM",0
"May 29, 2026 10:00:00 PM",0
"May 29, 2026 11:00:00 PM",0
"May 30, 2026 12:00:00 AM",0
"May 30, 2026 1:00:00 AM",0
"May 30, 2026 2:00:00 AM",0
"May 30, 2026 3:00:00 AM",0
"May 30, 2026 4:00:00 AM",0
"May 30, 2026 5:00:00 AM",0
"May 30, 2026 6:00:00 AM",0
"May 30, 2026 7:00:00 AM",0
"May 30, 2026 8:00:00 AM",0
"May 30, 2026 9:00:00 AM",0
"May 30, 2026 10:00:00 AM",0
"May 30, 2026 11:00:00 AM",0
"May 30, 2026 12:00:00 PM",0
"May 30, 2026 1:00:00 PM",0
"May 30, 2026 2:00:00 PM",0
"May 30, 2026 3:00:00 PM",0
"May 30, 2026 4:00:00 PM",0
"May 30, 2026 5:00:00 PM",0
"May 30, 2026 6:00:00 PM",0
"May 30, 2026 7:00:00 PM",0
"May 30, 2026 8:00:00 PM",0
"May 30, 2026 9:00:00 PM",0
"May 30, 2026 10:00:00 PM",0
"May 30, 2026 11:00:00 PM",0
"May 31, 2026 12:00:00 AM",0
"May 31, 2026 1:00:00 AM",0
"May 31, 2026 2:00:00 AM",0
"May 31, 2026 3:00:00 AM",0
"May 31, 2026 4:00:00 AM",0
"May 31, 2026 5:00:00 AM",0
"May 31, 2026 6:00:00 AM",0
"May 31, 2026 7:00:00 AM",0
"May 31, 2026 8:00:00 AM",0
"May 31, 2026 9:00:00 AM",0
"May 31, 2026 10:00:00 AM",0
"May 31, 2026 11:00:00 AM",0
"May 31, 2026 12:00:00 PM",0
"May 31, 2026 1:00:00 PM",0
"May 31, 2026 2:00:00 PM",0
"May 31, 2026 3:00:00 PM",0
"May 31, 2026 4:00:00 PM",0
"May 31, 2026 5:00:00 PM",0
"May 31, 2026 6:00:00 PM",0
"May 31, 2026 7:00:00 PM",0
"May 31, 2026 8:00:00 PM",0
"May 31, 2026 9:00:00 PM",0
"May 31, 2026 10:00:00 PM",0
"May 31, 2026 11:00:00 PM",0
"Jun 1, 2026 12:00:00 AM",0
"Jun 1, 2026 1:00:00 AM",0
"Jun 1, 2026 2:00:00 AM",0
"Jun 1, 2026 3:00:00 AM",0
"Jun 1, 2026 4:00:00 AM",0
"Jun 1, 2026 5:00:00 AM",0
"Jun 1, 2026 6:00:00 AM",0
"Jun 1, 2026 7:00:00 AM",0
"Jun 1, 2026 8:00:00 AM",0
"Jun 1, 2026 9:00:00 AM",2
"Jun 1, 2026 10:00:00 AM",0
"Jun 1, 2026 11:00:00 AM",0
"Jun 1, 2026 12:00:00 PM",0
"Jun 1, 2026 1:00:00 PM",0
"Jun 1, 2026 2:00:00 PM",0
"Jun 1, 2026 3:00:00 PM",0
"Jun 1, 2026 4:00:00 PM",0
"Jun 1, 2026 5:00:00 PM",0
"Jun 1, 2026 6:00:00 PM",0
"Jun 1, 2026 7:00:00 PM",0
"Jun 1, 2026 8:00:00 PM",0
"Jun 1, 2026 9:00:00 PM",0
"Jun 1, 2026 10:00:00 PM",0
"Jun 1, 2026 11:00:00 PM",0
"Jun 2, 2026 12:00:00 AM",0
"Jun 2, 2026 1:00:00 AM",0
"Jun 2, 2026 2:00:00 AM",0
"Jun 2, 2026 3:00:00 AM",0
"Jun 2, 2026 4:00:00 AM",0
"Jun 2, 2026 5:00:00 AM",0
"Jun 2, 2026 6:00:00 AM",0
"Jun 2, 2026 7:00:00 AM",1
"Jun 2, 2026 8:00:00 AM",1
"Jun 2, 2026 9:00:00 AM",0
"Jun 2, 2026 10:00:00 AM",0
"Jun 2, 2026 11:00:00 AM",0
"Jun 2, 2026 12:00:00 PM",0
"Jun 2, 2026 1:00:00 PM",0
"Jun 2, 2026 2:00:00 PM",0
"Jun 2, 2026 3:00:00 PM",0
"Jun 2, 2026 4:00:00 PM",0
"Jun 2, 2026 5:00:00 PM",0
"Jun 2, 2026 6:00:00 PM",0
"Jun 2, 2026 7:00:00 PM",0
"Jun 2, 2026 8:00:00 PM",0
"Jun 2, 2026 9:00:00 PM",0
"Jun 2, 2026 10:00:00 PM",0
"Jun 2, 2026 11:00:00 PM",0
"Jun 3, 2026 12:00:00 AM",0
"Jun 3, 2026 1:00:00 AM",0
"Jun 3, 2026 2:00:00 AM",0
"Jun 3, 2026 3:00:00 AM",0
"Jun 3, 2026 4:00:00 AM",0
"Jun 3, 2026 5:00:00 AM",0
"Jun 3, 2026 6:00:00 AM",0
"Jun 3, 2026 7:00:00 AM",0
"Jun 3, 2026 8:00:00 AM",0
"Jun 3, 2026 9:00:00 AM",0
"Jun 3, 2026 10:00:00 AM",0
"Jun 3, 2026 11:00:00 AM",0
"Jun 3, 2026 12:00:00 PM",0
"Jun 3, 2026 1:00:00 PM",0
"Jun 3, 2026 2:00:00 PM",0
"Jun 3, 2026 3:00:00 PM",0
"Jun 3, 2026 4:00:00 PM",0
"Jun 3, 2026 5:00:00 PM",0
"Jun 3, 2026 6:00:00 PM",0
"Jun 3, 2026 7:00:00 PM",0
"Jun 3, 2026 8:00:00 PM",0
"Jun 3, 2026 9:00:00 PM",0
"Jun 3, 2026 10:00:00 PM",0
"Jun 3, 2026 11:00:00 PM",0
"Jun 4, 2026 12:00:00 AM",0
"Jun 4, 2026 1:00:00 AM",0
"Jun 4, 2026 2:00:00 AM",0
"Jun 4, 2026 3:00:00 AM",0
"Jun 4, 2026 4:00:00 AM",0
"Jun 4, 2026 5:00:00 AM",0
"Jun 4, 2026 6:00:00 AM",0
"Jun 4, 2026 7:00:00 AM",0
"Jun 4, 2026 8:00:00 AM",0
"Jun 4, 2026 9:00:00 AM",0
"Jun 4, 2026 10:00:00 AM",0
"Jun 4, 2026 11:00:00 AM",0
"Jun 4, 2026 12:00:00 PM",2
"Jun 4, 2026 1:00:00 PM",1
"Jun 4, 2026 2:00:00 PM",0
"Jun 4, 2026 3:00:00 PM",1
"Jun 4, 2026 4:00:00 PM",0
"Jun 4, 2026 5:00:00 PM",0
"Jun 4, 2026 6:00:00 PM",0
"Jun 4, 2026 7:00:00 PM",0
"Jun 4, 2026 8:00:00 PM",0
"Jun 4, 2026 9:00:00 PM",0
"Jun 4, 2026 10:00:00 PM",0
"Jun 4, 2026 11:00:00 PM",0
"Jun 5, 2026 12:00:00 AM",0
"Jun 5, 2026 1:00:00 AM",0
"Jun 5, 2026 2:00:00 AM",0
"Jun 5, 2026 3:00:00 AM",0
"Jun 5, 2026 4:00:00 AM",0
"Jun 5, 2026 5:00:00 AM",0
"Jun 5, 2026 6:00:00 AM",0
"Jun 5, 2026 7:00:00 AM",0
"Jun 5, 2026 8:00:00 AM",0
"Jun 5, 2026 9:00:00 AM",0
"Jun 5, 2026 10:00:00 AM",0
"Jun 5, 2026 11:00:00 AM",0
"Jun 5, 2026 12:00:00 PM",1
"Jun 5, 2026 1:00:00 PM",1
"Jun 5, 2026 2:00:00 PM",2
"Jun 5, 2026 3:00:00 PM",2
"Jun 5, 2026 4:00:00 PM",0
"Jun 5, 2026 5:00:00 PM",0
"Jun 5, 2026 6:00:00 PM",0
"Jun 5, 2026 7:00:00 PM",0
"Jun 5, 2026 8:00:00 PM",0
"Jun 5, 2026 9:00:00 PM",0
"Jun 5, 2026 10:00:00 PM",0
"Jun 5, 2026 11:00:00 PM",0
"Jun 6, 2026 12:00:00 AM",0
"Jun 6, 2026 1:00:00 AM",0
"Jun 6, 2026 2:00:00 AM",0
"Jun 6, 2026 3:00:00 AM",0
"Jun 6, 2026 4:00:00 AM",0
"Jun 6, 2026 5:00:00 AM",0
"Jun 6, 2026 6:00:00 AM",0
"Jun 6, 2026 7:00:00 AM",0
"Jun 6, 2026 8:00:00 AM",0
"Jun 6, 2026 9:00:00 AM",0
"Jun 6, 2026 10:00:00 AM",0
"Jun 6, 2026 11:00:00 AM",0
"Jun 6, 2026 12:00:00 PM",0
"Jun 6, 2026 1:00:00 PM",0
"Jun 6, 2026 2:00:00 PM",0
"Jun 6, 2026 3:00:00 PM",0
"Jun 6, 2026 4:00:00 PM",0
"Jun 6, 2026 5:00:00 PM",0
"Jun 6, 2026 6:00:00 PM",0
"Jun 6, 2026 7:00:00 PM",0
"Jun 6, 2026 8:00:00 PM",0
"Jun 6, 2026 9:00:00 PM",0
"Jun 6, 2026 10:00:00 PM",0
"Jun 6, 2026 11:00:00 PM",0
"Jun 7, 2026 12:00:00 AM",0
"Jun 7, 2026 1:00:00 AM",0
"Jun 7, 2026 2:00:00 AM",0
"Jun 7, 2026 3:00:00 AM",0
"Jun 7, 2026 4:00:00 AM",0
"Jun 7, 2026 5:00:00 AM",0
"Jun 7, 2026 6:00:00 AM",0
"Jun 7, 2026 7:00:00 AM",0
"Jun 7, 2026 8:00:00 AM",0
"Jun 7, 2026 9:00:00 AM",0
"Jun 7, 2026 10:00:00 AM",0
"Jun 7, 2026 11:00:00 AM",0
"Jun 7, 2026 12:00:00 PM",0
"Jun 7, 2026 1:00:00 PM",0
"Jun 7, 2026 2:00:00 PM",0
"Jun 7, 2026 3:00:00 PM",0
"Jun 7, 2026 4:00:00 PM",0
"Jun 7, 2026 5:00:00 PM",0
"Jun 7, 2026 6:00:00 PM",0
"Jun 7, 2026 7:00:00 PM",0
"Jun 7, 2026 8:00:00 PM",0
"Jun 7, 2026 9:00:00 PM",0
"Jun 7, 2026 10:00:00 PM",0
"Jun 7, 2026 11:00:00 PM",0
"Jun 8, 2026 12:00:00 AM",0
"Jun 8, 2026 1:00:00 AM",0
"Jun 8, 2026 2:00:00 AM",0
"Jun 8, 2026 3:00:00 AM",0
"Jun 8, 2026 4:00:00 AM",0
"Jun 8, 2026 5:00:00 AM",0
"Jun 8, 2026 6:00:00 AM",0
"Jun 8, 2026 7:00:00 AM",0
"Jun 8, 2026 8:00:00 AM",0
"Jun 8, 2026 9:00:00 AM",0
"Jun 8, 2026 10:00:00 AM",0
"Jun 8, 2026 11:00:00 AM",0
"Jun 8, 2026 12:00:00 PM",0
"Jun 8, 2026 1:00:00 PM",0
"Jun 8, 2026 2:00:00 PM",0
"Jun 8, 2026 3:00:00 PM",0
"Jun 8, 2026 4:00:00 PM",0
"Jun 8, 2026 5:00:00 PM",0
"Jun 8, 2026 6:00:00 PM",0
"Jun 8, 2026 7:00:00 PM",0
"Jun 8, 2026 8:00:00 PM",0
"Jun 8, 2026 9:00:00 PM",0
"Jun 8, 2026 10:00:00 PM",0
"Jun 8, 2026 11:00:00 PM",0
"Jun 9, 2026 12:00:00 AM",0
"Jun 9, 2026 1:00:00 AM",0
"Jun 9, 2026 2:00:00 AM",0
"Jun 9, 2026 3:00:00 AM",0
"Jun 9, 2026 4:00:00 AM",0
"Jun 9, 2026 5:00:00 AM",0
"Jun 9, 2026 6:00:00 AM",0
"Jun 9, 2026 7:00:00 AM",1
"Jun 9, 2026 8:00:00 AM",1
"Jun 9, 2026 9:00:00 AM",3
"Jun 9, 2026 10:00:00 AM",1
"Jun 9, 2026 11:00:00 AM",2
"Jun 9, 2026 12:00:00 PM",2
"Jun 9, 2026 1:00:00 PM",2
"Jun 9, 2026 2:00:00 PM",2
"Jun 9, 2026 3:00:00 PM",1
"Jun 9, 2026 4:00:00 PM",0
"Jun 9, 2026 5:00:00 PM",0
"Jun 9, 2026 6:00:00 PM",0
"Jun 9, 2026 7:00:00 PM",0
"Jun 9, 2026 8:00:00 PM",0
"Jun 9, 2026 9:00:00 PM",0
"Jun 9, 2026 10:00:00 PM",0
"Jun 9, 2026 11:00:00 PM",0
"Jun 10, 2026 12:00:00 AM",0
"Jun 10, 2026 1:00:00 AM",0
"Jun 10, 2026 2:00:00 AM",0
"Jun 10, 2026 3:00:00 AM",0
"Jun 10, 2026 4:00:00 AM",0
"Jun 10, 2026 5:00:00 AM",0
"Jun 10, 2026 6:00:00 AM",0
"Jun 10, 2026 7:00:00 AM",0
"Jun 10, 2026 8:00:00 AM",1
"Jun 10, 2026 9:00:00 AM",0
"Jun 10, 2026 10:00:00 AM",1
"Jun 10, 2026 11:00:00 AM",1
"Jun 10, 2026 12:00:00 PM",1
"Jun 10, 2026 1:00:00 PM",1
"Jun 10, 2026 2:00:00 PM",0
"Jun 10, 2026 3:00:00 PM",0
"Jun 10, 2026 4:00:00 PM",0
"Jun 10, 2026 5:00:00 PM",0
"Jun 10, 2026 6:00:00 PM",0
"Jun 10, 2026 7:00:00 PM",0
"Jun 10, 2026 8:00:00 PM",0
"Jun 10, 2026 9:00:00 PM",0
"Jun 10, 2026 10:00:00 PM",0
"Jun 10, 2026 11:00:00 PM",0
"Jun 11, 2026 12:00:00 AM",0
"Jun 11, 2026 1:00:00 AM",0
"Jun 11, 2026 2:00:00 AM",0
"Jun 11, 2026 3:00:00 AM",0
"Jun 11, 2026 4:00:00 AM",0
"Jun 11, 2026 5:00:00 AM",0
"Jun 11, 2026 6:00:00 AM",0
"Jun 11, 2026 7:00:00 AM",0
"Jun 11, 2026 8:00:00 AM",0
"Jun 11, 2026 9:00:00 AM",0
"Jun 11, 2026 10:00:00 AM",0
"Jun 11, 2026 11:00:00 AM",0
"Jun 11, 2026 12:00:00 PM",0
"Jun 11, 2026 1:00:00 PM",1
"Jun 11, 2026 2:00:00 PM",1
"Jun 11, 2026 3:00:00 PM",1
"Jun 11, 2026 4:00:00 PM",0
"Jun 11, 2026 5:00:00 PM",0
"Jun 11, 2026 6:00:00 PM",0
"Jun 11, 2026 7:00:00 PM",0
"Jun 11, 2026 8:00:00 PM",0
"Jun 11, 2026 9:00:00 PM",0
"Jun 11, 2026 10:00:00 PM",0
"Jun 11, 2026 11:00:00 PM",0
"Jun 12, 2026 12:00:00 AM",0
"Jun 12, 2026 1:00:00 AM",0
"Jun 12, 2026 2:00:00 AM",0
"Jun 12, 2026 3:00:00 AM",0
"Jun 12, 2026 4:00:00 AM",0
"Jun 12, 2026 5:00:00 AM",0
"Jun 12, 2026 6:00:00 AM",0
"Jun 12, 2026 7:00:00 AM",1
"Jun 12, 2026 8:00:00 AM",1
"Jun 12, 2026 9:00:00 AM",3
"Jun 12, 2026 10:00:00 AM",0
"Jun 12, 2026 11:00:00 AM",1
"Jun 12, 2026 12:00:00 PM",0
"Jun 12, 2026 1:00:00 PM",0
"Jun 12, 2026 2:00:00 PM",1
"Jun 12, 2026 3:00:00 PM",0
"Jun 12, 2026 4:00:00 PM",0
"Jun 12, 2026 5:00:00 PM",0
"Jun 12, 2026 6:00:00 PM",0
"Jun 12, 2026 7:00:00 PM",0
"Jun 12, 2026 8:00:00 PM",0
"Jun 12, 2026 9:00:00 PM",0
"Jun 12, 2026 10:00:00 PM",0
"Jun 12, 2026 11:00:00 PM",0
"Jun 13, 2026 12:00:00 AM",0
"Jun 13, 2026 1:00:00 AM",0
"Jun 13, 2026 2:00:00 AM",0
"Jun 13, 2026 3:00:00 AM",0
"Jun 13, 2026 4:00:00 AM",0
"Jun 13, 2026 5:00:00 AM",0
"Jun 13, 2026 6:00:00 AM",0
"Jun 13, 2026 7:00:00 AM",0
"Jun 13, 2026 8:00:00 AM",0
"Jun 13, 2026 9:00:00 AM",0
